CompanyName,Address,City,State,ZipCode,Telephone
Grant Thornton LLP,4140 ParkLake Avenue,Raleigh,NC,27612,(919) 881-2700
Verso l'Alto,,,,,(919) 307-5466
Vraiment Financial LLC,421 Fayetteville St,Raleigh,NC,27601,(919) 298-2611
"Greg W. Isley CPA, PA",9205 Baileywick Rd,Raleigh,NC,27615,(919) 676-1998
Bernard Robinson & Co. LLP,Six Forks Centre II,Raleigh,NC,27609,(919) 862-0004
Aprio,800 Park Offices Drive,RTP,NC,27709,704.841.1120
KPMG LLP,4242 Six Forks Road,Raleigh,NC,27609,(919) 664-7100
Deloitte,150 Fayetteville Street,Raleigh,NC,27601,(919) 546-8000
Elliott Davis,5410 Trinity Rd,Raleigh,NC,27607,(919) 783-7073
Cherry Bekaert,3800 Glenwood Avenue,Raleigh,NC,27612  4875,(919) 782-1040
Dean Dorton,4141 Parklake Avenue,Raleigh,NC,27612,919.851.1116
Forvis LLP,2501 Blue Ridge Road,Raleigh,NC,27607,(919) 876-4546
RSM US LLP,5444 Wade Park Blvd,Raleigh,NC,27607,(919) 781-1055
"BDO USA, LLP","421 Fayetteville St,",Raleigh,NC,27601,(919) 754-9370
"Hughes Pittman & Gupton, LLP",1500 Sunday Dr.,Raleigh,NC,27607,(919) 232-5900
CLA,4601 Six Fork Rd,Raleigh,NC,27609,(919) 447-7749
PricewaterhouseCoopers LLP,4208 Six Forks Road,Raleigh,NC,27609,(919) 791-4000
Ernst & Young LLP,4131 ParkLake Avenue,Raleigh,NC,27612,(919) 981-2800
Kinlaw & Company,412 Saint Mary's Street,Raleigh,NC,27605,(919) 900-8370
Mazars USA,,,,,(908) 868-2081
Langdon & Company,"223 Highway 70, East Pointe",Garner,NC,27529,(919) 662-1001
Aprio,800 Park Offices Drive,RTP,NC,27709,704.841.1120
"Batchelor, Tillery & Roberts LLP",3605 Glenwood Ave.,Raleigh,NC,27612,(919) 787-8212
Bernard Robinson & Co. LLP,Six Forks Centre II,Raleigh,NC,27609,(919) 862-0004
"Maddison & Caison,  LLP",1111 Oberlin Rd.,Raleigh,NC,27605,(919) 821-5482
Grant Thornton LLP,4140 ParkLake Avenue,Raleigh,NC,27612,(919) 881-2700
"Carr, Riggs & Ingram",6601 Six Forks Road,Raleigh,NC,27615,(919) 848-1259
"Thomas J. Rollins, CPA",3008 Anderson Drive,Raleigh,NC,27609,(919) 783-8484
"Dunn, Dunn & Oakes, CPAs, PLLC",120 Penmarc Dr,Raleigh,NC,27603,(919) 779-0506
"Fulbright & Fulbright, CPA, PA",5302 NC Hwy 55,Durham,NC,27713,(919) 544-0398
The North Carolina Association of Certified Public Accountants,3100 Gateway Centre Drive,Morrisville,NC,27560,919.469.1040
Johnson Lambert LLP,4242 Six Forks Road,Raleigh,NC,27609,(919) 719-6400
Centri Business Consulting LLC,4208 Six Forks Road,Raleigh,NC,27609,7325861750
The Bookkeeper,"4024 Barrett Drive, Suite 203",Raleigh,NC,27609,(919) 578-3886
CFO Systems,,,,,(910) 258-5418
"Sweet Mimi, LLC",,,NC,27601,(919) 636-8655
Cedar Management Group,4801 Glenwood Ave,Raleigh,NC,27612,(919) 348-2031
The Bookkeeper,"4024 Barrett Drive, Suite 203",Raleigh,NC,27609,(919) 578-3886
Johnson Lambert LLP,4242 Six Forks Road,Raleigh,NC,27609,(919) 719-6400
"Calloway & Associates, Inc.",8961 Harvest Oaks Dr,Raleigh,NC,27615,(919) 844-5800
"Fulbright & Fulbright, CPA, PA",5302 NC Hwy 55,Durham,NC,27713,(919) 544-0398
"Julie Moreno Bookkeeping & Payroll, Inc.",8374 Six Forks Rd.,,NC,27615,919-803-3730
LBE Business solutions LLC,236 Sunnybrook Road,Raleigh,NC,27620,(919) 822-1923
Dani Moe Administration Services,267 Timber Drive Unit 1865,Garner,NC,27529,984-291-9361
Joseph C. Woodard Printing Company,2815 S Saunders St,Raleigh,NC,27603,(919) 829-0634  |  fax: (919) 829-0876
The Carolinian,1504 New Bern Ave.,Raleigh,NC,27610,(919) 834-5558
Sokal,11550 Common Oaks Drive,Raleigh,NC,27614  1063,(919) 872-9410
Univision 40,4505 Falls of Neuse Rd,Raleigh,NC,27609,(919) 790-6127
BluePrint Business Communications,16 W. Martin Street (Suite 1004),Raleigh,NC,27601,919.901.1964
Capitol Outdoor,3286 M St NW,Washington,DC,20007,(202) 337-1839
Pulley Media,1317 East Stone Arch Drive,Fuquay Varina,NC,27526,919.355.8720
Brasco Design & Marketing,305 W. Martin Street,Raleigh,NC,27601,(919) 745-8091
Capital Wraps Inc,5812 Triangle Dr.,Raleigh,NC,27617,(919) 977-7075
Innis Maggiore,,,,,(330)501-9886
Mountain Laurel Digital,1205 Welden Place,Raleigh,NC,27608,9194915611
Clean Advertising & Design,806 McCulloch St,Raleigh,NC,27603,(919)504-6513
Eckel & Vaughan,421 N. Harrington St Suite 520,Raleigh,NC,27603,(919) 858-6909
INDY Week,16 W Martin St,Raleigh,NC,27601,(919) 832-8774
Raleigh Magazine,"6511 Creedmoor Road, Suite 207",Raleigh,NC,27613,919.307.3047
Triangle Downtowner Magazine,PO Box 27603,Raleigh,NC,27611,(919) 828-8000
Triangle Media Partners,1777 Fordham Blvd,Chapel Hill,NC,27514,919-933-1551
The Carolinian,1504 New Bern Ave.,Raleigh,NC,27610,(919) 834-5558
The Triangle Tribune,5007 Southpark Dr.,Durham,NC,27713,919-688-9086
Raleigh Magazine,"6511 Creedmoor Road, Suite 207",Raleigh,NC,27613,919.307.3047
Identify Yourself,PO Box 432,Kitty Hawk,NC,27949,(877) 303-1049
Group 31 Communications,701 E. Chatham St.,Cary,NC,27601,(919) 481-0822
Brand Fuel,9001 Aerial Center Pkwy,Morrisville,NC,27560,(919) 484-2565
"Progressive Business Solutions, Inc.",508 S New Hope Rd,Raleigh,NC,27610,(919) 255-6500
Carol Creech Promotions,116 Goldsboro St S,Wilson,NC,27893,(252) 243-7482
ZAS CONSULTING LLC,,Raleigh,NC,27601,(347) 432-1911
Sinclair Public Affairs,1101 Hayes St.,Raleigh,NC,27604,(919) 329-2562
Smoothe LLC,,,,,(919) 592-6642
SKINFLUENT,,,,,(919) 841-8063
Grafted Growers LLC,4025 Atlantic Avenue,Raleigh,NC,27604,919.400.6022
Zannoni & Associates,P. O. Box 90275,Raleigh,NC,27675,202-285-6445
Raleigh State Farmers Market,1201 Agriculture Street,Raleigh,NC,27603,(919) 733-7417
Mini Acres Farm LLC,3328 Mid Pines Rd,Raleigh,NC,27606,(919) 810-5770
Piedmont Service Group,1031 Nowell Road,Raleigh,NC,27607,(919) 645-5142
CMS Controls,616 Hutton St,Raleigh,NC,27606,(919) 431-9411
The Mad Hatter Air Duct Cleaning & Chimney Sweep Service Inc.,8502 Six Forks Road,Raleigh,NC,27615  3076,(919) 847-1119
Triple J Systems,4030 Wake Forest rd,raleigh,North Carolina,27609,9197587873
Triple J Systems,,,,,(919) 758-7873
BahamasAir,17 Blake Road Bldg. C,Bahamas,Outside USA,,919-949-3824
Southwest Airlines,,,,,(813) 920-6691
Raleigh-Durham Airport Authority,"1000 Trade Drive, PO Box 80001",Morrisville,NC,27623,(919) 840-7700
Raleigh Executive Jetport,700 Rod Sullivan Rd,Sanford,NC,27330,(919) 776-2939
Frankie's,11190 Fun Park Dr,Raleigh,NC,27615,(919) 433-7888
"Kings Bowl of North Hills, LLC",141 Park at North Hills St,Raleigh,NC,27609,(919) 600-5700
Rush Hour Karting,5335 Raynor Rd,Garner,NC,27529,(919) 662-9101
Wet 'n Wild Emerald Pointe,3910 S. Holden Rd,Greensboro,NC,27406,(336) 852-9721
511 Faye,511 Fayetteville Street,Raleigh,NC,27601,919.438.1670
Solis Hills,1331 Chester Road,Raleigh,NC,27608,919-674-5359
Abbington Village Apartments,2929 Forestville Road,Raleigh,NC,27616,974.777.5011
The Signal,721 Halifax St,Raleigh,NC,27604,9198223055
Oxford Square Apartments,1000 Village Greenway,Cary,NC,27511,(919) 467-7652
511 Faye,511 Fayetteville Street,Raleigh,NC,27601,919.438.1670
Drucker + Falk,7200 Creedmoor Road,Raleigh,NC,27613,(919) 846-7300
"Kenney Properties, Inc.",701 Exposition Pl,Raleigh,NC,27615,(919) 844-1141
The Plaza Apartments,725 Crestwood Dr.,Garner,NC,27529,(919) 779-2993
Glenwood/St. Mary's Apartments,740 Smallwood Dr.,Raleigh,NC,27605,(919) 839-2218
Highlands at Olde Raleigh,4300 Furman Hall,Raleigh,NC,27612,(919) 783-9377
Berkshire Village District,2128 Clark Ave,Raleigh,NC,27605,(919) 839-6210
Valley Terrace Apts Co.,4315 Leadmine Rd.,Raleigh,NC,27612,(919) 783-5352
Club Plaza Apartments,2835 Club Plaza Rd.,Raleigh,NC,27603,(919) 662-1910
Meredith Village Apartments,2435 Wycliff Road,Raleigh,NC,27607,(919) 787-2800
Fairway Apartments,4803 New Hope Rd.,Raleigh,NC,27604,(919) 876-4731
The Devon Apartments at Glenwood South,717 Tucker St,Raleigh,NC,27603,(919) 833-8557
Marshall Park Apartments,3950 Fairsted Drive,Raleigh,NC,27612,(919) 561-5422
Uncommon Raleigh,3020 Hillsborough Street,Raleigh,NC,27607,919-980-4200
Berkshire Village District,2128 Clark Ave,Raleigh,NC,27605,(919) 839-6210
511 Faye,511 Fayetteville Street,Raleigh,NC,27601,919.438.1670
JDavis,510 S. Wilmington Street,Raleigh,NC,27601,(919) 835-1500
Clark Patterson Lee,1620 Hillsborough St.,Raleigh,NC,27605,(919) 833-6064
HH Architecture,1100 Dresser Court,Raleigh,NC,27609,(919) 828-2301
Davis Kane Architects,503 Oberlin Rd.,Raleigh,NC,27605,(919) 833-3737
Little Diversified Architectural Consulting,410 Blackwell St.,Durham,NC,27701,(919) 474-2500
Perkins and Will,411 West Chapel Hill Street,Durham,NC,27701,(919) 433-5300
Maurer Architecture,115 1/2 Hargett St.,Raleigh,NC,27601,(919) 829-4969
Gensler,613 Hillsborough Street,Raleigh,NC,27603,(919) 239-7828
Oakley Collier Architects,205 W Martin St,Raleigh,NC,27601,(919) 985-7700
"Sfl+a Architects, PA",333 Fayetteville St.,Raleigh,NC,27601,(919) 573-6350
"Planworx Architecture, PA",5711 Six Forks Road,Raleigh,NC,27609,(919) 424-1950
Hanbury,16 N. Boylan Avenue #204,Raleigh,NC,27603  1446,9198157564
"LS3P Associates, Ltd.",434 Fayetteville Street,Raleigh,NC,27601,(919) 829-2700
"BSA LifeStructures, Inc",510 Glenwood Ave.,Raleigh,NC,27603,(919) 334-7301
BHDP Architecture,150 Fayetteville St.,Raleigh,NC,27601,(919) 683-1084
"Osterlund Architects, PLLC",5 W. Hargett St.,Raleigh,NC,27601,(919) 838-9337
Bobbitt,600 Germantown Road,Raleigh,NC,27607,(919) 851-1980
Moseley Architects,911 N West St,Raleigh,NC,27603,(757) 368-2800
Perkins and Will,411 West Chapel Hill Street,Durham,NC,27701,(919) 433-5300
Page,"200 Park at North Hills, Ste. 180",Raleigh,NC,27609,919.888.8818
Tina Barnard Designs LLC,501 Fayetteville Street Suite 280,Raleigh,NC,27601,919.653.1320
Moseley Architects,911 N West St,Raleigh,NC,27603,(757) 368-2800
"BSA LifeStructures, Inc",510 Glenwood Ave.,Raleigh,NC,27603,(919) 334-7301
Strada,1011 S Hamilton Road,Chapel Hill,NC,27517,919.521.8022
Hanbury,16 N. Boylan Avenue #204,Raleigh,NC,27603  1446,9198157564
Clark Nexsen,421 North Harrington Street,Raleigh,NC,27603,(919) 828-1876
"O'Brien Atkins Associates, PA",Post Office Box 12037,Research Triangle Park,NC,27709,(919) 941-9000
Clark Nexsen,421 North Harrington Street,Raleigh,NC,27603,(919) 828-1876
Flad Architects,555 Fayetteville Street,Raleigh,NC,27601,(919) 865-3523
Page,"200 Park at North Hills, Ste. 180",Raleigh,NC,27609,919.888.8818
"BSA LifeStructures, Inc",510 Glenwood Ave.,Raleigh,NC,27603,(919) 334-7301
The East Group,4325 Lake Boone Trail,Raleigh,NC,27607,(919) 784-9330
Optima Engineering,150 Fayetteville St.,Raleigh,NC,27601,(919) 926-2200
"Summit Design and Engineering Services, PLLC",320 Executive Court,Hillsborough,NC,27278,(919) 322-0115
"HKS, Inc.","223 S. West St., Suite 900",Raleigh,NC,27603,919-272-0000
Strada,1011 S Hamilton Road,Chapel Hill,NC,27517,919.521.8022
Maurer Architecture,115 1/2 Hargett St.,Raleigh,NC,27601,(919) 829-4969
RATIO,227 Fayetteville Street,Raleigh,NC,27601,(919) 821-0805
Masitects Architectural Rendering,,,,,(984) 439-2007
Paint 2 Smile,516 Southshore Pkwy,Durham,NC,27703,551.444.9034
AyannaK Inspires,,Raleigh,NC,27601,(919) 896-9244
The Musicians Learning Center,9420 Forum Dr,Raleigh,NC,27615,(919) 845-6770
"Artspace, Inc.",201 E Davie St,Raleigh,NC,27601,(919) 821-2787
City of Raleigh Arts Commission,127 W. Hargett St.,Raleigh,NC,27601,(919) 996-3610
United Arts Council of Raleigh & Wake Co.,PO Box 26388,Raleigh,NC,27611,(919) 839-1498
Crazy Axe,3141 Capital Blvd Suite 110,Raleigh,NC,27604,919.900.8625
Bunn DJ Company,300 Jefferson St.,Raleigh,NC,27605,(919) 785-9001
Dancers with wings studio,,,,,(910) 884-8889
Majestic Rose Collection,,Raleigh,NC,27601,984.365.0615
Sunrock Group,200 Horizon Drive,Raleigh,NC,27615,(919) 747-6400
Turner Asphalt,5805 Lease Lane,Raleigh,NC,27617,(919) 831-5297
The Oaks at Mayview,513 E. Whitaker Mill Road,Raleigh,NC,27608,(919) 828-2348
TerraBella Northridge,421 Van Thomas Dr.,Raleigh,NC,27615,(919) 848-4906
Waltonwood Senior Living,3562 Horton St.,Raleigh,NC,27607,(919) 569-5444
State Employees Association of North Carolina,1621 Midtown Pl,Raleigh,NC,27609,(919) 833-6436
Raleigh Regional Association of Realtors,111 Realtors Way,Cary,NC,27513,(919) 654-5400
North Carolina Retail Merchants Association,"209 Fayetteville Street, 2nd Floor",Raleigh,NC,27602,(919) 832-0811
Home Builders Association of Raleigh - Wake County,5580 Centerview Drive,Raleigh,NC,27606  4599,(919) 233-2033
The Chamber For a Greater Chapel Hill-Carrboro,104 South Estes Dr.,Chapel Hill,NC,27515,(919) 967-7075
Apex Chamber of Commerce,220 N. Salem St.,Apex,NC,27502,(919) 362-6456
Morrisville Chamber of Commerce,260 Town Hall Drive,Morrisville,NC,27560,(919) 463-7150
Rocky Mount Area Chamber of Commerce,"100 Coast Line Street, #200",Rocky Mount,NC,27804,(252) 973-1211
NC Chamber,701 Corporate Center Drive,Raleigh,NC,27607,(919) 836-1400
Wendell Chamber of Commerce,115 N. Pine St.,Wendell,NC,27591,(919) 365-6318
North Carolina Hispanic Chamber of Commerce,5800 Faringdon Place,Raleigh,NC,27609,(919) 782-8764
Knightdale Chamber of Commerce,207 Main Street,Knightdale,NC,27545,(919) 266-4603
ATD (Association for Talent Development) - RTA,1959 North Peacehaven Rd,Winston Salem,NC,27106,919-943-0626
Raleigh-Wake Human Resource Management Association,PO Box 31432,Raleigh,NC,27622,
Rolesville Area Chamber of Commerce,P.O. Box 518,Rolesville,NC,27571,(919) 562-7069
Fuquay-Varina Chamber of Commerce,121 N Main St,Fuquay-Varina,NC,27526,(919) 552-4947
Cary Chamber of Commerce,307 N. Academy Street,Cary,NC,27513,(919) 467-1016
Swedish American Chamber of Commerce,PO Box 18443,Raleigh,NC,27619  8443,(919) 412-4229
Greater Durham Chamber of Commerce,300 W Morgan St,Durham,NC,27701,(919) 682-2133
Zebulon Chamber of Commerce,815 North Arendell Avenue,Zebulon,NC,27597,(919) 269-6320
Catapult,3150 Spring Forest Road,Raleigh,NC,27616,(919) 878-9222
Garner Chamber of Commerce,401 Circle Drive,Garner,NC,27529,(919) 772-6440
Wake Forest Area Chamber of Commerce,350 S. White Street,Wake Forest,NC,27587,(919) 556-1519
Wolfpack Club,P.O. Box 37100,Raleigh,NC,27627,(919) 865-1500
North Carolina FC Youth,5017 Memory Road,Raleigh,NC,27609,(919) 834-3951
NC State Athletics,Weisiger-Brown Athletics Facility,Raleigh,NC,27695,(919) 746-8616
Maynard Nexsen,4141 Parklake Avenue,Raleigh,NC,27612,(919) 755-1800
"Young Moore and Henderson, PA",3101 Glenwood Ave.,Raleigh,NC,27612,(919) 782-6860
Womble Bond Dickinson (US) LLP,PO Box 1801,Raleigh,NC,27602  1801,(919) 783-6400
Morningstar Law Group,421 Fayetteville St.,Raleigh,NC,27601,(919) 590-0376
Parker Poe Adams & Bernstein LLP,301 Fayetteville Street,Raleigh,NC,27601,(919) 828-0564
Kilpatrick Townsend & Stockton LLP,4208 Six Forks Road,Raleigh,NC,27609,(919) 420-1700
K&L Gates LLP,4350 Lassiter at North Hills Avenue,Raleigh,NC,27609,(919) 743-7300
Nelson Mullins Riley & Scarborough LLP,4140 Parklake Ave.,Raleigh,NC,27612,(919) 329-3800
Ellis & Winters LLP,PO Box 33550,Raleigh,NC,27636,(919) 865-7000
Poyner Spruill LLP,301 Fayetteville St,Raleigh,NC,27601,(919) 783-6400
"The DiLeone Law Group, P.C.",353 East Six Forks Road,Raleigh,NC,27609,(919) 791-0900
"Ogletree, Deakins, Nash, Smoak & Stewart",8529 Six Forks Road,Raleigh,NC,27609,(919) 787-9700
Smith Anderson Law Firm,150 Fayetteville Street,Raleigh,NC,27601,(919) 821-1220
McGuireWoods LLP,501 Fayetteville St,Raleigh,NC,27601,919) 755-6600
Wyrick Robbins Yates & Ponton LLP,4101 Lake Boone Trail,Raleigh,NC,27607,(919) 781-4000
"Gailor Hunt Jenkins Davis & Taylor, PLLC",1101 Haynes Street,Raleigh,NC,27604,(919) 832-8488
Abrams and Abrams Law Firm,1550 Glenwood Avenue,Raleigh,NC,27608,(919) 755-9166
The Bishop Law Firm,8374 Six Forks Rd,Raleigh,NC,27615,(919) 615-3095
"Hannah Sheridan & Cochran, LLP",5400 Glenwood Ave,Raleigh,NC,27612,(919) 859-6840
Michael Best & Friedrich,2501 Blue Ridge Rd,Raleigh,NC,27607,(984) 220-8750
"Hiltzheimer Law Office, PLLC",5 W Hargett St,Raleigh,NC,27601,(919) 899-9405
Bailey & Dixon LLP,PO Box 1351,Raleigh,NC,27602,(919) 828-0731
Safran Law Offices,PO Box 587,Raleigh,NC,27602-0587,(919) 828-1396
Fox Rothschild LLP,434 Fayetteville Street,Raleigh,NC,27601,(919) 755-8700
Knight Consulting Group,3733 National Dr,Raleigh,NC,27612,(919) 389-3181
Hardison & Cochran Attorneys at Law,7340 Six Forks Rd.,Raleigh,NC,27615,(919) 444-44444
Hutchison PLLC,"701 Corporate Center Drive, Suite 250",Raleigh,NC,27607,(919) 829-9600
Moore & Van Allen PLLC,209 Fayetteville Street,Raleigh,NC,27601,(919) 286-8182
"Anderson Jones, PLLC",421 N. Blount Street,Raleigh,NC,27601,(919) 277-2541
Longleaf Law Partners,4509 Creedmoor Rd,Raleigh,NC,27612,(919) 645-4300
"Narron Wenzel, P.A.",5400 Glenwood Ave,Raleigh,NC,27612,(919) 977-8018
Cranfill Sumner LLP,5420 Wade Park Blvd,Raleigh,NC,27607,(919) 828-5100
The Noble Law,141 Providence Road,Chapel Hill,NC,27514,(919) 251-6008
"Stuart Law Firm, PLLC",1033 Wade Avenue,Raleigh,NC,27605  1155,(919) 787-6050
Alston & Bird LLP,4721 Emperor Blvd,Durham,NC,27703  8580,(919) 862-2200
McIlveen Family Law Firm,434 Fayetteville St.,Raleigh,NC,27601,704-865-9011
Arenas Immigration,3344 Hillsborough Street,Raleigh,NC,27607,(919) 800- 8314
Hardison & Cochran Attorneys at Law,7340 Six Forks Rd.,Raleigh,NC,27615,(919) 444-44444
"Brownlee Whitlow & Praet, PLLC",5001 Weston Parkway,Cary,NC,27513,(919) 863-4305
"Hannah Sheridan & Cochran, LLP",5400 Glenwood Ave,Raleigh,NC,27612,(919) 859-6840
Brooks Pierce LLP,Wells Fargo Capitol Center,Raleigh,NC,27601,919.839.0300
"Narron Wenzel, P.A.",5400 Glenwood Ave,Raleigh,NC,27612,(919) 977-8018
Michael Best & Friedrich,2501 Blue Ridge Rd,Raleigh,NC,27607,(984) 220-8750
Alston & Bird LLP,4721 Emperor Blvd,Durham,NC,27703  8580,(919) 862-2200
Michael Best & Friedrich,2501 Blue Ridge Rd,Raleigh,NC,27607,(984) 220-8750
Fox Rothschild LLP,434 Fayetteville Street,Raleigh,NC,27601,(919) 755-8700
"Hiltzheimer Law Office, PLLC",5 W Hargett St,Raleigh,NC,27601,(919) 899-9405
Breeden Law Office,PO Box 967,Clayton,NC,27528,(919) 480-8005
McIlveen Family Law Firm,434 Fayetteville St.,Raleigh,NC,27601,704-865-9011
Breeden Law Office,PO Box 967,Clayton,NC,27528,(919) 480-8005
Gardner Gordon,"421 Fayetteville St, Suite 1100",Raleigh,NC,27601,919-836-5371
Arenas Immigration,3344 Hillsborough Street,Raleigh,NC,27607,(919) 800- 8314
Fox Rothschild LLP,434 Fayetteville Street,Raleigh,NC,27601,(919) 755-8700
"Brownlee Whitlow & Praet, PLLC",5001 Weston Parkway,Cary,NC,27513,(919) 863-4305
Brooks Pierce LLP,Wells Fargo Capitol Center,Raleigh,NC,27601,919.839.0300
Hardison & Cochran Attorneys at Law,7340 Six Forks Rd.,Raleigh,NC,27615,(919) 444-44444
The Bishop Law Firm,8374 Six Forks Rd,Raleigh,NC,27615,(919) 615-3095
Longleaf Law Partners,4509 Creedmoor Rd,Raleigh,NC,27612,(919) 645-4300
"Brownlee Whitlow & Praet, PLLC",5001 Weston Parkway,Cary,NC,27513,(919) 863-4305
Brooks Pierce LLP,Wells Fargo Capitol Center,Raleigh,NC,27601,919.839.0300
Tech Factory,,,,,(984) 238-2390
Atlas Production Group,3911 Beryl Rd,Raleigh,NC,27607,(919) 398-6034
KONTEK Systems,604 Duke St.,Durham,NC,27701,(919) 680-4321
Diversified,300 Perimeter Park Drive,Morrisville,NC,27560,(919) 337-0333
ISDM Solutions,1400 Helmsdale Drive,Cary,NC,27511,215.327.9879
Cenero,1400 Helmsdale Dr.,Cary,NC,27511,(215) 327-9879
KONTEK Systems,604 Duke St.,Durham,NC,27701,(919) 680-4321
Diversified,300 Perimeter Park Drive,Morrisville,NC,27560,(919) 337-0333
Atlas Production Group,3911 Beryl Rd,Raleigh,NC,27607,(919) 398-6034
ON Services,100 Southcenter Ct.,Morrisville,NC,27560,(919) 462-0720
Tech Factory,,,,,(984) 238-2390
Flow MINI of Raleigh,5600 Capital Blvd.,Raleigh,NC,27616,(919) 876-4580
Johnson Lexus of Raleigh,5839 Capital Blvd,Raleigh,NC,27616,(919) 877-1800
Capital Ford,4900 Capital Blvd.,Raleigh,NC,27616,(919) 790-4600
Auction Direct USA,7601 Glenwood Ave,Raleigh,NC,27612,(919) 789-6900
Ideal Auto,4328 Louisburg Road,Raleigh,NC,27604,(919)876-7286
Xpress Mobile Window Tint,,,,,(919) 432-5945
OGAuto Detailing,Brier Creek Parkway,Raleigh,NC,27617,919.827.2659
Chapel Hill Tire Car Care Center,2131 Harrod St,Raleigh,NC,27605,(919) 858-6874
Raleigh Auto Care,6005 Grove Church Rd,Raleigh,NC,27612,(919) 789-8499
Black's Tire Service,4201 Capital Blvd,Raleigh,NC,27604,(919) 872-8800
Classic Stripes,"76/79 Makwana Lane, Marol, Andheri CED",MumbaIN,Outside USA,400059,216.526.3322
VinFast Manufacturing US,421 Fayetville St. Ste. 1600,Raleigh,NC,27601,916.769.6487
Krispy Kreme Doughnuts,549 N Person St,Raleigh,NC,27604,(919) 833-3682
Edible Art Bakery and Dessert Cafe,4351-115 The Circle at North Hills,Raleigh,NC,27609,(919) 856-0604
Duck Donuts,8323 Creedmoor Rd.,Raleigh,NC,27613,(919) 847-3800
Sugar Euphoria,10123 Chapel Hill Rd,Morrisville,NC,27560,(919) 259-2130
Cinnaholic Oberlin,1028 Oberlin Road,Raleigh,NC,27605,(262) 309-0991
Tiff's Treats,421 Daniels St,Raleigh,NC,27605,(984) 664-5990
First National Bank,501 Fayetteville Street 7th floor,Raleigh,NC,27601,919-659-9063  |  fax: (919) 772-0225
Providence Bank,100 E. Six Forks Road,Raleigh,NC,27609,919.307.3011
HSBC Bank USA,550 South Tryon Street,Charlotte,NC,28202,704.936.6957
First National Bank,501 Fayetteville Street,Raleigh,NC,27601,919-659-9063
North State Bank,6204 Falls of Neuse Road,Raleigh,NC,27609,(919) 855-9925
First Bank,3620 Six Forks Road,Raleigh,NC,27609,984-204-1706
Truist,434 Fayetteville Street,Raleigh,NC,27601,(919) 716-9100
HSBC Bank USA,550 South Tryon Street,Charlotte,NC,28202,704.936.6957
Mechanics & Farmers Bank,13 E. Hargett Street,Raleigh,NC,27601,(919) 821-4611
First Horizon,1 Glenwood Ave,Raleigh,NC,27603,(919) 277-8769
United Community Bank,4711 Six Forks Rd,Raleigh,NC,27609,(984) 239-6060
Pinnacle Financial Partners,3515 Glenwood Ave,Raleigh,NC,27612,(919) 232-6820
First Carolina Bank,2626 Glenwood Ave #375,Raleigh,NC,27608,(919) 665-3043
TowneBank,3535 Glenwood Ave.,Raleigh,NC,27612,(919) 788-7770
Wells Fargo,150 Fayetteville St.,Raleigh,NC,27601,(919) 881-6447
PNC,301 Fayetteville Street,Raleigh,NC,27601,
JPMorgan Chase,2000 Regency Parkway,Cary,NC,27518,(919) 825-4891
First National Bank,501 Fayetteville Street,Raleigh,NC,27601,919-659-9063
Southern Bank,3101 Glenwood Ave,Raleigh,NC,27608,(919) 788-1596
United Bank,4800 Six Forks Road,Raleigh,NC,27609,518.321.0892
Providence Bank,100 E. Six Forks Road,Raleigh,NC,27609,919.307.3011
Fidelity Bank,5220 Falls of Neuse Rd,Raleigh,NC,27609,919-782-8410
Bank of America,4242 Six Forks Rd.,Raleigh,NC,27609,(919) 829-6611
Fifth Third Bank,4801 Glenwood Ave,Raleigh,NC,27612,(919) 325-0696
Local Government Federal Credit Union,323 West Jones St,Raleigh,NC,27603,(919) 755-0534
South State Bank,4901 Glenwood Avenue,Raleigh,NC,27612,(980) 279-2601
Navy Federal Credit Union,6011 Poyner Village Parkway,Raleigh,NC,27616,888.842.6328
American National Bank & Trust Company,3700 Glenwood Ave,Raleigh,NC,27612,(919) 355-0278
Encore Bank,,,,,
Carolinas Telco Federal Credit Union,5712 Creedmoor Road,Raleigh,NC,27612,919.787.1700
First Citizens Bank,239 Fayetteville Street,Raleigh,NC,27601,(919) 716-7000
Encore Bank,,,,,
Print My Images,6109 Battleview Drive,Raleigh,NC,27613,
Hilton Raleigh North Hills,3415 Wake Forest Rd,Raleigh,NC,27609  7330,(919) 872-2323
Raleigh Country Club/McConnell Golf,400 Donald Ross Drive,Raleigh,NC,27610,(919) 231-5501
Sea Ranch Resort,1731 N. Virginia Dare Tr.,Kill Devil Hills,NC,27948,(252) 441-7126
Pinehurst Resort,80 Carolina Vista Drive,Pinehurst,NC,28374,(910) 295-6811
Brier Creek Country Club,9400 Club Hill Dr,Raleigh,NC,27617,(919) 206-4600
The Bar Ber Shop Raleigh,4551 New Bern Ave,Raleigh,,27610,(919) 307-3814
Boardroom Salon for Men,1101 Mercantile Dr,Ste 120,NC,27609,(984) 238-2677
Headquarters Barber Shop llc,,,,,(919) 747-9548
Scalp Work LLC,8111 Creedmoor Road  Ste.110,Raleigh,NC,27613,919.819.3482
Krave,709 North Person St.,Raleigh,NC,27604,561-667-3956
Whiskey Kitchen,201 W Martin St,Raleigh,NC,27601,(919) 803-3181
The Bar Ber Shop Raleigh,4551 New Bern Ave,Raleigh,,27610,(919) 307-3814
Tin Roof,300 Glenwood Ave,Raleigh,NC,27603,(919) 322-2333
The Outpost,306 E. Hargett Street,Raleigh,NC,27601,
Cornerstone Tavern,603 Glenwood Ave,Raleigh,NC,27603,(919) 809-5560
Sam Jones BBQ,502 West Lenoir Street,Raleigh,NC,27601,(984) 206-2555
Parkside Restaurant,301 W Martin St.,Raleigh,NC,27601,(984) 232-8969
Capital City Tavern,112 Fayetteville Street,Raleigh,NC,27601,919.907.1121
Tin Roof,300 Glenwood Ave,Raleigh,NC,27603,(919) 322-2333
High Park Bar & Grill,625 East Whitaker Mill Road,Raleigh,NC,27608,(919) 833-4527
The Raleigh Times,14 E. Hargett St.,Raleigh,NC,27601,(919) 833-0999
Scalp Work LLC,8111 Creedmoor Road  Ste.110,Raleigh,NC,27613,919.819.3482
Icon Beauty Supply,7407 Birchshire Dr,Raleigh,NC,27616,1.580.695.5065
Qi Essentials,,,,,(919) 271-1100
Paul Mitchell The School,8551 Glenwood Ave,Raleigh,NC,27612,(919) 789-4500
"Grail, Inc.",4001 E NC 54 Hwy Assembly Ste. 1100,Durham,NC,27709,833.694.2553
Gilead Sciences,305 Church at North Hills Street,Raleigh,NC,27609,(984) 884-6003
Lindegaard Recruiting,1807 Bowling Green Trail,Raleigh,NC,27613,919.608.6834
Interpace Pharma Solutions,133 Southcenter Court  Ste.400,Morrisville,NC,27560,919.465.0100
Gilead Sciences,305 Church at North Hills Street,Raleigh,NC,27609,(984) 884-6003
"Xona Microfluidics, Inc.",P.O. Box 14205,Durham,NC,27709,(626) 228-8682
Amgen,4130 Friendship Rd.,Apex,NC,27539,919-259-5004.
FUJIFILM Diosynth Biotechnologies,101 J Morris Commons Lane,Morrisville,NC,27560,
"ImmunoReagents, Inc.",6003 Chapel Hill Rd.,Raleigh,NC,27607,(919) 831-2240
Bavarian Nordic Inc.,3025 Carrington Mill Blvd Suite 100,Morrisville,NC,27560,984.218.4369
Buffaloe Lanes North,5900 Oak Forest Rd,Raleigh,NC,27616,(919) 876-5681
"Kings Bowl of North Hills, LLC",141 Park at North Hills St,Raleigh,NC,27609,(919) 600-5700
Powell,324 Latimer Road,Raleigh,NC,27609,919-818-1421
Craft at NC,1053 East Whitaker Mill Road,Raleigh,NC,27604,919.892.8883
90 Degree Design LLC,107 Windel Drive,Raleigh,NC,27609,(919) 521-4887
S. Michael Creative Branding,514 Daniels Street #215,Raleigh,NC,27605,760.889.6767
MOGL,417 W Peace Street,Raleigh,NC,27603,(267) 566-0479
R&D Brewing,1323 Capital Blvd.,Raleigh,NC,27603,919.977.5654
Raleigh Brewing Company,3709 Neil St.,Raleigh,NC,27607,(919) 400-9086
Sela Building Corporation,8601 Six Forks Road,Raleigh,NC,27615,(919) 882-2061
"DJF Builders, Inc.",3717 National Drive,Raleigh,NC,27612,(919) 363-1700
"Metcon, Inc.",3100 Smoketree Ct.,Raleigh,NC,27604,(919) 322-2220
"Rodgers Builders, Inc.",3737 Glenwood Ave,Raleigh,NC,27612,(919) 784-0566
Dean Dorton,4141 Parklake Avenue,Raleigh,NC,27612,919.851.1116
Pilot John International,1905 Turnbury Dr.,Greenville,NC,27858,2525854553
SKANZ,,,,,(984) 286-0388
Creative Planning,11325 N. Community House Rd,Charlotte,NC,28277,919.415.4075
American Indian Chamber of Commerce of North Carolina,8200 Brownleigh Drive,Raleigh,NC,27617,(919) 247-4946
Better Business Bureau/BBB,5540 Munford Rd.,Raleigh,NC,27612,(919) 277-4222
North Carolina Chinese Business Association,7424 Chapel Hill Road,Raleigh,NC,27607,(919) 342-5249
GOLBARG,23026 Bradford Green Square,"Cary, NC",,27519  9211,9843025243
"TREIA, Inc","4441 Six Forks Rd, Ste. 106-177",Raleigh,NC,27609,919-943-3789
Holly Springs Chamber of Commerce,344 Raleigh Street,Holly Springs,NC,27540,(919) 567-1796
"Triangle Chapter of the British-American Business Council of North Carolina, Inc.",3331 Heritage Trade Drive,Wake Forest,NC,27587,9194544358
Belhaven Chamber of Commerce,"293 E. Water Street, Suite 202",Belhaven,NC,27810,(252) 943-3770
HUB International Carolinas,751 Corporate Center Dr,Raleigh,NC,27607,(919) 337-0000
"BDO USA, LLP","421 Fayetteville St,",Raleigh,NC,27601,(919) 754-9370
Streamline Business Consulting,7011 Fox Cliff Lane #408,Raleigh,NC,27616,919.229.9777
SuccessKit,2206 Lakeside Lofts Circle,Cary,NC,27513,516-456-7521
"C. Mack and Associates, LLC. / A NeU",,,,,(984) 263-0002
"Reagan Madison, Inc.",415 Trotting Trail,Efland,NC,27243,(919) 304-2040
April Eldridge Consulting LLC,PO Box 205,Wake Forest,NC,27587,(984) 205-4100
Your Career Happiness Professional Coaching,6317 Stephens Ridge Court,Raleigh,NC,27615,301-529-1424
"Hiring Solutions, RPO",32 Dansey Circle,Durham,NC,27713,984.254.3540
"Holly Jean Jackson, LLC",,Raleigh,NC,,(925) 658-0514
Focal Point Coaching,,Raleigh,NC,27526,(919) 296-0363
G&S Business Communications,4242 Six Forks Rd.,Raleigh,NC,27609,(919) 870-5718
Kalkhof Consulting,,Durham,NC,27713,(919) 717-0225
"Organize for Success, LLC","8480 Honeycutt Road, Suite 200",Raleigh,NC,27615,(919) 981-6397
Streamline Business Consulting,7011 Fox Cliff Lane #408,Raleigh,NC,27616,919.229.9777
"Reagan Madison, Inc.",415 Trotting Trail,Efland,NC,27243,(919) 304-2040
Perfect Fit For Jobs,5535 Western Blvd,Raleigh,NC,27606,800.906.6049
"RBH Wellness Solutions, LLC",3409 Neptune Drive,Raleigh,NC,27604,919-578-5780
Cultivate Advisors,125 Windsor Drive Ste 119,Oak Brook,IL,60523,704.610.0937
"KingdomMindedInfo, LLC",,,,,(919) 583-6999
Triangle Social Media,3319 Marshlane Way,Raleigh,NC,27610,(919) 280-6197
April Eldridge Consulting LLC,,,,,(984) 205-4100
ZAS CONSULTING LLC,,Raleigh,NC,27601,(347) 432-1911
Nextday Biz Funds,,,,,(914) 447-7697
Greenlinks Consulting,1404 Hunterspoint Way,Cary,NC,27511,919.971.2313
Council for Entrepreneurial Development,334 Blackwell Street,Durham,NC,27701,(919) 549-7500
Vraiment Financial LLC,421 Fayetteville St,Raleigh,NC,27601,(919) 298-2611
ZenBusiness,5511 Parkcrest Dr.,Austin,TX,78731,(512) 765-4985
Agile HQuarters Inc.,,,,,(919) 909-5302
"Bourke Services, LLC",3107 Glen Royal Road,Raleigh,NC,27617,(919) 610-1001
ZenBusiness,5511 Parkcrest Dr.,Austin,TX,78731,(512) 765-4985
Agile HQuarters Inc.,,,,,(919) 909-5302
"Bourke Services, LLC",3107 Glen Royal Road,Raleigh,NC,27617,(919) 610-1001
S&P Global,421 Fayetteville Street,Raleigh,NC,27601,(919) 615-4100
Cloud Software Group,120 S West St,Raleigh,NC,27603,
Issuer Direct Corporation,1 Glenwood Ave. Suite 1001,Raleigh,NC,27603,(919) 481-4000
Foxhole Consulting LLC,"921 East Broad St, 1027",Fuquay Varina,NC,27526,910.985.7837
"Friendpreneurship, LLC",,Raleigh,NC,27616,919.307.5909
Furbish Limited Lifestyle Management,7821 Bergstrom Dr.,Raleigh,NC,27616,9198246243
PFB Connect,5313 Moonflower Court,Holly Springs,NC,27540,(919) 460-7334
OneDigital,2301 Rexwoods Dr.,Raleigh,NC,27607  3366,(919) 882-0511
Dean Dorton,4141 Parklake Avenue,Raleigh,NC,27612,919.851.1116
"PointClick Technologies, LLC",4030 Wake Forest Road,Raleigh,NC,27609,(919) 747-6940
ZenBusiness,5511 Parkcrest Dr.,Austin,TX,78731,(512) 765-4985
Chapel Hill Tire Car Care Center,4325 Glenwood Ave,Raleigh,NC,27612,(984) 232-0009
OGAuto Detailing,Brier Creek Parkway,Raleigh,NC,27617,919.827.2659
OGAuto Detailing,Brier Creek Parkway,Raleigh,NC,27617,919.827.2659
AutoBell Car Wash,2108 E Millbrook Rd,Raleigh,NC,27604,(800) 582-8096
Brentwood Flooring America,4600 Paragon Park Road,Raleigh,NC,27616,(919) 872-2775
Premier Flooring & Design LLC,3708 Conquest Dr,Garner,NC,27529,919 299-9955
City Barbeque Lake Boone Trail,4122 Lake Boone Trail,Raleigh,NC,27606,919.739.2506
"Tasty Tweets, LLC",3965 Volkswalk Place,Raleigh,NC,27610,9802878099
Clyde Cooper's BBQ,327 S. Wilmington Street,Raleigh,NC,27601,(919) 832-7614
Kaplan Catering,9420 Forum Dr,Raleigh,NC,27615,(919) 274-0456
Mitchell's Catering & Events,1732 Capital Blvd.,Raleigh,NC,27604,(919) 847-0135
Triangle Catering,1818 St. Albans Drive,Raleigh,NC,27609,(919) 873-9500
The Pit Authentic Barbecue,328 W Davie St,Raleigh,NC,27601,(919) 890-4500
HoneyBaked Ham,5275 Six Forks Rd,Raleigh,NC,27609,(919) 787-0655
"Catering Works, Inc.",2319 Laurelbrook St,Raleigh,NC,27604,(919) 828-5932
Alpaca,4614 Capital Blvd,Raleigh,NC,27604,(919) 713-0000
Andia's Homemade Ice Cream,223 E. Johnson St,Cary,NC,27513,(919) 584-7684
Fresko Greek Kitchen,119 Strathburgh Lane,Cary,NC,27518,919.673.3974
Sam Jones BBQ,502 West Lenoir Street,Raleigh,NC,27601,(984) 206-2555
PrimoHoagies,141 Park at North Hills Street,Raleigh,NC,27615,(484) 238-8283
High Park Bar & Grill,625 East Whitaker Mill Road,Raleigh,NC,27608,(919) 833-4527
Biggby Coffee,5424 Six Forks Road,Raleigh,NC,27609,252.714.9020
HoneyBaked Ham,5275 Six Forks Rd,Raleigh,NC,27609,(919) 787-0655
Lung Cancer Initiative,5171 Glenwood Avenue,Raleigh,NC,27612,(919) 784-0410
Believers Trucking Company,3133 Mountain Hill Drive,Wake Forest,NC,27587,919.426.5014
American Cancer Society,4140 Parklake Ave,Raleigh,NC,27612,919.841.8774
Lotus Campaign,1005 Glentanner Court,Apex,NC,27502,919.306.6513
City of Oaks Foundation,PO Box 6147,Raleigh,NC,27628,(919) 355-6998
Children's Home Society of North Carolina,7701 Six Forks Road,Raleigh,NC,27615,919.277.1349
Youth Villages,1822 NC 54 Ste. 120,Durham,NC,27713,919.474.6375
Pop Up Play Space,6008 Tarleton Ct,Raleigh,NC,27616,919.758.1194
Rocky Mount Event Center,285 NE Main Street,Rocky Mount,NC,27801,
Doug Gamble,Crossroads Fellowship Church,Raleigh,NC,27604,919-981-0222
Episcopal Diocese of North Carolina,200 W Morgan St,Raleigh,NC,27601,(919) 834-7474
"Wetherill Engineering, Inc.",1223 Jones Franklin Road,Raleigh,NC,27606,(919) 851-8077
"HDR Engineering, Inc. of the Carolinas",555 Fayetteville St,Raleigh,NC,27601,(919) 232-6600
Timmons Group,"5410 Trinity Rd, Suite 102",Raleigh,NC,27607,(919) 772-4688
Jani-King of Raleigh/Durham,801 Jones Franklin Road,Raleigh,NC,27606,(919) 852-1555
Maid to Shine of Raleigh,"4008 Barrett Drive, Suite 106",Raleigh,NC,27609,919-275-2006
Spot Free Taskforce LLC,,,,,(919) 412 -6112
Spot Free Taskforce LLC,,,,,(919) 412 -6112
Maid to Shine of Raleigh,"4008 Barrett Drive, Suite 106",Raleigh,NC,27609,919-275-2006
"EcoGreen Solutions, LLC.",4030 Wake Forest Rd.,Raleigh,NC,27609,919.802.6442
JAN-PRO Cleaning Systems of Raleigh,8321 Bandford Way,Raleigh,NC,27615,(919) 460-1777
Cleansol LLC,,,,,(919) 803-7507
ServiceMaster of Wake County,2736 Rowland Rd,Raleigh,NC,27615,(919) 981-6553
Maid to Shine of Raleigh,"4008 Barrett Drive, Suite 106",Raleigh,NC,27609,919-275-2006
EDS -Environmental Diversified Services Inc. Raleigh Office,301 Dominion Dr. Suite E,Morrisville,NC,27560,919.935.7968
Jani-King of Raleigh/Durham,801 Jones Franklin Road,Raleigh,NC,27606,(919) 852-1555
Covalent Chemical,6501 Creedmoor Road,Raleigh,NC,27613,919.825.1400
"EcoGreen Solutions, LLC.",4030 Wake Forest Rd.,Raleigh,NC,27609,919.802.6442
Microsoft,1009 Think Place,Morrisville,NC,27560,984.243.0971
Logically,1600 Hillsborough St.,Raleigh,NC,27605,(919) 856-2300
RapidScale,301 Hillsborough Street,Raleigh,NC,27603,919.746.8712
City Club Raleigh,150 Fayetteville St,Raleigh,NC,27601,(919) 834-8829
Capital City Club,"410 S Wilmington St, 21st Floor",Raleigh,NC,27601,(919) 832-5526
Mesa Education Planning LLC,PO Box 37819,Raleigh,NC,27601,
The Alchemy of Self Empowerment,4429 Cardinal Grove Blvd,Raleigh,NC,27616,984.298.9831
Scoutenger Executive Coaching,,Raleigh,NC,,(984) 272-4506
Lindegaard Recruiting,1807 Bowling Green Trail,Raleigh,NC,27613,919.608.6834
The Darielle Group LLC,,,,,(703) 517-8034
Joanna Roses Consulting,3611 Alleghany Drive,Raleigh,NC,27609,917.570.4450
Manz Coaching and Consulting,235 Franconia Way,Apex,NC,27502,919-279-5032
"Kalkhof Consulting, LLC",39 Westridge Dr,Durham,NC,27713,(919) 583-7755
"Conduit for Change, LLC",,Raleigh,NC,,(919) 345-8396
Strive Leadership Development,6908 North Ridge Drive,Raleigh,NC,27615,(919) 796-6783
C3Advantage,PO Box 58786,Raleigh,NC,27658,(919) 749-1800
This is My Start,,,,,(984) 222-9452
"Project Possibility, LLC",,,,,(201) 396-1961
Manz Coaching and Consulting,235 Franconia Way,Apex,NC,27502,919-279-5032
Biggby Coffee,5424 Six Forks Road,Raleigh,NC,27609,252.714.9020
Gourmet Grinders,315 King George Loop,Cary,NC,27511,(919) 624-7677
Black·ology Coffee Company,,Raleigh,NC,27610,919.480.8710
Gourmet Grinders,315 King George Loop,Cary,NC,27511,(919) 624-7677
Gabi's,1053 E. Whitaker Mill Road,Raleigh,NC,27604,(919) 274-1449
The Morning Times,10 E. Hargett St.,Raleigh,NC,27610,(919) 836-1204
Sir Walter Coffee,145 E. Davie St.,Raleigh,NC,27601,(919) 322-0019
Biggby Coffee,5424 Six Forks Road,Raleigh,NC,27609,252.714.9020
Krave,709 North Person St.,Raleigh,NC,27604,561-667-3956
Saint Augustine's University,1315 Oakwood Avenue,Raleigh,NC,27610  2298,(919) 516-4000
Wake Technical Community College,9101 Fayetteville Road,Raleigh,NC,27603  5696,(919) 866-5000
NC State Continuing and Lifelong Education,"110 Gorman Street, Campus Box 7401",Raleigh,NC,27695  7401,919-515-2277
Campbell Law School,225 Hillsborough St,Raleigh,NC,27603,(919) 865-4650
UNC Executive Development,UNC-Chapel Hill,Chapel Hill,NC,27517,(919) 760-8212
Shaw University,118 E South St.,Raleigh,NC,27601,(919) 546-8300
William Peace University,15 E Peace St,Raleigh,NC,27604,(919) 508-2220
Mesa Education Planning LLC,PO Box 37819,Raleigh,NC,27601,
Meredith College Industrial/Organizational Psychology Master of Arts Program,"3800 Hillsborough Street, Ledford Hall",Raleigh,NC,27607,(919) 760-8723
Meredith College MBA Program,3800 Hillsborough St,Raleigh,NC,27607,(919) 760-8471
SKEMA Business School,920 Main Campus Dr.,Raleigh,NC,27606,(919) 535-5702
WGU North Carolina,1009 Slater Rd,Durham,NC,27703,(919) 317-2088
NC State University,Office of the Chancellor,Raleigh,NC,27695,(919) 668.1345
Miller-Motte College,3901 Capital Blvd Ste 151,Raleigh,NC,27604,(919) 230.6471
Campbell University - Raleigh Campus,225 Hillsborough St.,Raleigh,NC,27603,(919) 468-8844
ECPI University,4101 Doie Cope Rd,Raleigh,NC,27613,(919) 571-0057
NC State Poole College of Management,,,,,(919) 515-7554
University of North Carolina at Pembroke,PO Box  1510,Pembroke,NC,28372,(910) 521-6184
"SterlingPillar, LLC",133 Southcenter Ct,Morrisville,NC,27560,(919) 451-1356
"Diamond Contracting, Inc",285-101 Shipwash Drive,Garner,NC,27529,(919) 661-1401
"Romeo Guest Associates,LLC",1715 Camden Ave.,Durham,NC,27704,(919) 683-1701
BridgePoint General Contracting,600 North Duke St.,Durham,NC,27701,(919) 761-0511
American National Bank & Trust Company,3700 Glenwood Ave,Raleigh,NC,27612,(919) 355-0278
FINMAN Financial Services,14460 Falls of Neuse Rd,Raleigh,NC,27614,919.229.0979
Print My Images,6109 Battleview Drive,Raleigh,NC,27613,
"SterlingPillar, LLC",133 Southcenter Ct,Morrisville,NC,27560,(919) 451-1356
Oppidan,2000 Regency Parkway,Cary,NC,27518,984.241.2728
APG Advisors,,,,,(919) 832-1110
ONE 01 COMMERCIAL (ONE 01 LLC),,,,,(919) 998-8190
FINMAN Financial Services,14460 Falls of Neuse Rd,Raleigh,NC,27614,919.229.0979
Merritt Properties,"1 TW Alexander Drive, Suite 115",Durham,NC,27703,9195260070
Issuer Direct Corporation,1 Glenwood Ave. Suite 1001,Raleigh,NC,27603,(919) 481-4000
APCO Worldwide Inc.,19 W. Hargett St.,Raleigh,NC,27601,919.867.2825
"Developing Partners Consulting Group, LLC",,,,,(252) 413-8151
Kalkhof Consulting,,,,,(919) 717-0225
Cenero,1400 Helmsdale Dr.,Cary,NC,27511,(215) 327-9879
"JPS Interoperability Solutions, Inc.",5800 Departure Dr.,Raleigh,NC,27616,(919) 790-1011
Pinnacle Structured Cabling,2800 Sumner Blvd Suite 148,Raleigh,NC,27616,
The LGBT Center of Raleigh,19 W. Hargett St. Unit 507,Raleigh,NC,27601,(919) 832-4484
EatWell Exchange Inc,,Raleigh,NC,27601,(901) 230-6505
"Before Tomorrow Consulting, Inc.",PO Box 14305,Raleigh,NC,27620,919-434-5689
Activate Good,1053 E Whitaker Mill Rd.,Raleigh,NC,27604,(919) 535-6550
Ship Outreach and Community Center,,Raleigh,NC,27601,(919) 926-7896
"YMCA of the Triangle Area, Inc.",801 Corporate Center Drive,Raleigh,NC,27607,(919) 815-3812
Raleigh/Wake Partnership to End and Prevent Homelessness,112 Cox Ave,Raleigh,NC,27605,9194430098
"Junior League of Raleigh, Inc.",P.O. Box 26821,Raleigh,NC,27611,(919) 787-7480
The LGBT Center of Raleigh,19 W. Hargett St. Unit 507,Raleigh,NC,27601,(919) 832-4484
Activate Good,1053 E Whitaker Mill Rd.,Raleigh,NC,27604,(919) 535-6550
IRIS TECH LLC,,,,,
Microsoft,1009 Think Place,Morrisville,NC,27560,984.243.0971
Citrix,120 S West St,Raleigh,NC,27603,
Enitech Solutions,3900 Merton Drive,Raleigh,NC,27609,(877) 952-8324
"Refining Workflow, LLC",4020 Grayson Ridge Ct,Raleigh,NC,27613,984-538-1704
IRIS TECH LLC,,,,,(706) 691-8734
TeamLogic IT,421 Fayetteville St,Raleigh,NC,27601,910-500-1391
Enitech Solutions,3900 Merton Drive,Raleigh,NC,27609,(877) 952-8324
Logically,1600 Hillsborough St.,Raleigh,NC,27605,(919) 856-2300
"CSP, Inc.",1310 Nowell Rd.,Raleigh,NC,27607,(919) 424-2000
Lenovo,150 Fayetteville Street,Raleigh,NC,27601,
IBM Corporation,3039 Cornwallis Rd.,RTP,NC,27709,(919) 543-6919
Protus3,5540 Centerview Drive,Raleigh,NC,27606,(919) 834-8584
Stern Security,6300 Creedmoor Rd Suite 170 #213,Raleigh,NC,27612,(919) 886-7685
"Red Hat, Inc.",100 E. Davie St,Raleigh,NC,27601,(919) 547-0012
Citrix,120 S West St,Raleigh,NC,27603,
R. K. Chatman Enterprises,,,,,(919) 961-0462
Furbish Limited Lifestyle Management,7821 Bergstrom Dr.,Raleigh,NC,27616,9198246243
Ultimate Balance Concierge,117 South Sunny Dale Dr.,Middlesex,NC,27557,984.800.9173
Sunrock Group,200 Horizon Drive,Raleigh,NC,27615,(919) 747-6400
Capital Ready Mix Concrete,512 Three Sisters Rd.,Knightdale,NC,27545,(919) 999-0345
Graylyn International Conference Center,1900 Reynolda Rd.,Winston-Salem,NC,27106,(336) 758-2425
Hampton Inn & Suites Midtown,1229 Wake Towne Drive,Raleigh,NC,27609,919.831.4700
Grandover Resort & Conference Center,1000 Club Rd.,Greensboro,NC,27407,(336) 834-4865
Dominion Realty Partners LLC,501 Fayetteville St.,Raleigh,NC,27601,(919) 845-3306
Covenant Holdings,1023 S Miami Blvd,Durham,NC,27703  5121,919) 827-5355
Batson-Cook Construction,2001 West Morehead Street,Charlotte,NC,28208,(704) 790-4040
Brasfield & Gorrie LLC,3800 Glenwood Ave,Raleigh,NC,27612,(919) 790-9272
"Code Electric, Inc.",3112 Glen Royal Road,Raleigh,NC,27617,(919) 787-4655
Terry Robinson-Keller Williams,"4700 Homewood Court, Ste. 200",Raleigh,NC,27609,919.437.7460
MLG Construction,3301 Glen Royal Rd,Raleigh,NC,27617,(919) 977-1646
Highland Roofing,1455 Mechanical Blvd.,Garner,NC,27529,(919) 977-9114
SGS Contracting,3710 Shannon Rd #51158,Durham,NC,27707,919.391.8515
C.F. Evans Construction,125 Regional Parkway,Orangeburg,SC,29118,(803) 536-6443
Koala Insulation,6424 Northwyck Place,Raleigh,NC,27609,"919.447,1011"
Burns & McDonnell,"5511 Capital Center Drive, Suite 450",Raleigh,NC,27606,(919) 859-5951
The Civil Group,3509 Haworth Drive,Raleigh,NC,27609,(919) 341-6444
Carpenters Local Union 312,1928 Back Creek Dr,Charlotte,NC,28213,336.249.2239
Trimat Testing,"1 Triangle Drive, Suite 200",Research Triangle Park,NC,27709,(919) 532-2211
Monteith Construction,208 Princess St,Wilmington,NC,28401,(919) 987-1759
"Raleigh Raised Development, LLC",520 S Harrington St,Raleigh,NC,27601,(919) 803-6233
Black Sheep Construction,36 Bluff Ridge Lane,Angier,NC,27501,919.946.3013
Tina Barnard Designs LLC,501 Fayetteville Street Suite 280,Raleigh,NC,27601,919.653.1320
Robins & Morton,5001 South Miami Blvd,Durham,NC,27703,9195893970
LeChase Construction Services LLC,324 Blackwell Street,Durham,NC,27701,(919) 688-5300
Swinerton Builders,3915 Beryl Road,Raleigh,NC,27607,(919)-452-3739
Struxtion,1520 Carl Williamson Road,Raleigh,NC,27610,919-730-7977
Bobbitt,600 Germantown Road,Raleigh,NC,27607,(919) 851-1980
Cumming Management Group,5540 Centerview Drive,Raleigh,NC,27606,919.237.4103
"C.T. Wilson Construction Company, Inc.",150 Golden Drive,Durham,NC,27705,(919) 383-2535
Flagger Force Traffic Control Services,110 Kitty Hawk Drive,Morrisville,NC,27560,717.482.8800
The Christman Company,2301 Sugar Bush Rd.,Raleigh,NC,27612,984.255.1355
Brawley,5121 Kingdon Way,Raleigh,NC,27607,(919) 422-3829
Dempsey Hodges Construction,PO Box 17964,Raleigh,NC,27619,(919) 821-5199
Barringer Construction,417 S Dawson Street,Raleigh,NC,27601,(919) 307-2880
THS National,1050 Classic Rd. Ste. 100,Apex,NC,27539,866.794.8210
Superior Cranes,5102 Nelson Rd,Morrisville,NC,27560,919.293.1886
Loden Properties,821 Wake Forest Rd,Raleigh,NC,27604,(919) 426-4837
Pinam Construction,2121 Guess Rd,Durham,NC,27705,919-908-8774
CIC Construction Group USA,111 Corning Road,Cary,NC,27518,919.297.2957
"Whitman Masonry, Inc.",4915 Waters Edge Dr,Raleigh,NC,27606,(919) 894-8511
Prime South of the Carolinas,2815 Superior Dr,Wake Forest,NC,27587,910-465-1885
HITT Contracting,6601 Six Forks Road,Raleigh,NC,27615,(919) 296-8131
"MLB Construction, LLC",1930 N. Salem St,Apex,NC,27523,(919) 387-4647
Larry's Cleaning & Pressure Washing,3907 Robin Ln,Clayton,NC,27520,
Fred Smith Company,6105 Chapel Hill Road,Raleigh,NC,27607,(919) 783-5700
T.A. Loving Company,3600 Glenwood Ave. Suite 120,Raleigh,NC,27612,919.738.0141
Messer Construction Co.,5420 Wade Park Blvd,Raleigh,NC,27607,(919) 746-8530
Gilbane Building Company,150 Fayetteville St.,Raleigh,NC,27601,919-425-0218
"Rodgers Builders, Inc.",3737 Glenwood Ave,Raleigh,NC,27612,(919) 784-0566
"MLB Construction, LLC",1930 N. Salem St,Apex,NC,27523,(919) 387-4647
"Shelco, LLC",3600 Glenwood Ave,Raleigh,NC,27612,(919) 877-2600
Holt Brothers Construction,421 Fayetteville St.,Raleigh,NC,27601,(919) 787-1981
C.F. Evans Construction,125 Regional Parkway,Orangeburg,SC,29118,(803) 536-6443
Robuck Homes Inc.,PO Box 17102,Raleigh,NC,27619,(919) 876-9200
Clancy & Theys Construction Company,421 N. Harrington Street,Raleigh,NC,27603,(919) 834-3601
Frank L. Blum Construction,4020 Westchase Blvd.,Raleigh,NC,27607,(919) 301-8646
Danis Construction Company,5511 Capital Center Drive,Raleigh,NC,27606  8514,(919) 468-6240
Choate Construction Co.,5440 Wade Park Blvd #220,Raleigh,NC,27607,(919) 508-1989
"DPR Construction, Inc.",2000 Aerial Center Pkwy,Morrisville,NC,27560,(919) 337-9400
Frank L. Blum Construction,4020 Westchase Blvd.,Raleigh,NC,27607,(919) 301-8646
Williams Property Group,3658 Wellington Drive,Franklinton,NC,27525,(877) 974-3131
Barr & Barr,555 Fayetteville Street,Raleigh,NC,27609,212.563.2330
Messer Construction Co.,5420 Wade Park Blvd,Raleigh,NC,27607,(919) 746-8530
LeChase Construction Services LLC,324 Blackwell Street,Durham,NC,27701,(919) 688-5300
Barr & Barr,555 Fayetteville Street,Raleigh,NC,27609,212.563.2330
C.F. Evans Construction,125 Regional Parkway,Orangeburg,SC,29118,(803) 536-6443
Clancy & Theys Construction Company,421 N. Harrington Street,Raleigh,NC,27603,(919) 834-3601
Barringer Construction,417 S Dawson Street,Raleigh,NC,27601,(919) 307-2880
Holt Brothers Construction,421 Fayetteville St.,Raleigh,NC,27601,(919) 787-1981
Danis Construction Company,5511 Capital Center Drive,Raleigh,NC,27606  8514,(919) 468-6240
"MLB Construction, LLC",1930 N. Salem St,Apex,NC,27523,(919) 387-4647
Muter Construction Company,111 E VANCE ST,Zebulon,NC,27597,(919) 404-8330
JM Thompson Company,1002 East Chatham Street,Cary,NC,27511,(919) 851-1611
The Christman Company,2301 Sugar Bush Rd.,Raleigh,NC,27612,984.255.1355
Choate Construction Co.,5440 Wade Park Blvd #220,Raleigh,NC,27607,(919) 508-1989
Messer Construction Co.,5420 Wade Park Blvd,Raleigh,NC,27607,(919) 746-8530
Balfour Beatty Construction,406 S. McDowell Street,Raleigh,NC,27601,(919) 233-5001
MLG Construction,3301 Glen Royal Rd,Raleigh,NC,27617,(919) 977-1646
"C.T. Wilson Construction Company, Inc.",150 Golden Drive,Durham,NC,27705,(919) 383-2535
HITT Contracting,6601 Six Forks Road,Raleigh,NC,27615,(919) 296-8131
"Hubrich Contracting, Inc.",4321 Medical Park Drive,Durham,NC,27704,(919) 471-2895
JM Thompson Company,1002 East Chatham Street,Cary,NC,27511,(919) 851-1611
Robins & Morton,5001 South Miami Blvd,Durham,NC,27703,9195893970
Digital Group,3834 Generosity Ct.,Garner,NC,27529,919.612.9484
Batson-Cook Construction,2001 West Morehead Street,Charlotte,NC,28208,(704) 790-4040
"Romeo Guest Associates,LLC",1715 Camden Ave.,Durham,NC,27704,(919) 683-1701
Samet Corporation,5420 Wade Park Blvd.,Raleigh,NC,27607,(919) 703-0263
"Metcon, Inc.",3100 Smoketree Ct.,Raleigh,NC,27604,(919) 322-2220
HITT Contracting,6601 Six Forks Road,Raleigh,NC,27615,(919) 296-8131
"The Dilweg Companies, LLC",5310 S. Alston Ave.,Durham,NC,27713,(919) 402-9100
Capital Ready Mix Concrete,512 Three Sisters Rd.,Knightdale,NC,27545,(919) 999-0345
The Christman Company,2301 Sugar Bush Rd.,Raleigh,NC,27612,984.255.1355
"Rodgers Builders, Inc.",3737 Glenwood Ave,Raleigh,NC,27612,(919) 784-0566
Wind Rose Construction LLC,1216 Gunnison Pl,Raleigh,NC,27609,(919) 760-5711
Prime South of the Carolinas,2815 Superior Dr,Wake Forest,NC,27587,910-465-1885
Monteith Construction,208 Princess St,Wilmington,NC,28401,(919) 987-1759
Meritage Homes,3300 Paramount Parkway Suite 120,Morrisville,NC,27560,919) 926-2600
Tar Heel Basement Systems,3333 Air Park Rd,Fuquay Varina,NC,27526,(336) 464-9725
Capital Ready Mix Concrete,512 Three Sisters Rd.,Knightdale,NC,27545,(919) 999-0345
Terramor Homes,7208 Falls of Neuse Road,Raleigh,NC,27615,(800) 831-3720
Incolo,212 MIZELLE MEADOW CT,Holly Springs,NC,27540,(919) 766-0361
Advantage College Planning,8321 Bandford Way Suite 001,Raleigh,NC,27615,984.664.5956
Pillar Consulting,,,,,617i6i0390
moss+ross,2813 Market Bridge Lane,Raleigh,NC,27608,(919) 801-6502
Deanna Jones Now,1101 Bartlett Circle,Hillosborough,NC,27278,919.357.4608
Paradox Consulting Partners,7151 Okelly Chapel Rd,Cary,NC,27519,919.817.3987
J. Galt,494 Old Lystra Road,Chapel Hill,NC,27517,910.515.2917
Elaine Wu,,,,,(919) 601-1801
Gwen Wise-Blackman Consulting,,,,,
MDM Global Consulting,,,,,(336) 521-3399
April Eldridge Consulting LLC,PO Box 205,Wake Forest,NC,27587,(984) 205-4100
"KingdomMindedInfo, LLC",,,,,(919) 583-6999
SRS Consulting Services LLC,1300 Benson Road Ste. 102,Garner,NC,27529,919-961-1801
VentureXpert Advisors,,,,,(919) 926-8038
Mitchell Taylor Consulting,,,,,(919) 917-4194
Streamline Business Consulting,7011 Fox Cliff Lane #408,Raleigh,NC,27616,919.229.9777
Cultivate Advisors,125 Windsor Drive Ste 119,Oak Brook,IL,60523,704.610.0937
"Creative Justice, Inc.",136 Solheim Lane,Raleigh,NC,27603,(919) 410-7623
"Developing Partners Consulting Group, LLC",,,,,(252) 413-8151
Mazars USA,,,,,(908) 868-2081
"Evolve Consulting, LLC",4501 New Bern Avenue,Raleigh,NC,27610-1550,919-622-2519
"ScottMadden, Inc.",2626 Glenwood Avenue,Raleigh,NC,27608,(919) 781-4191
Implement Consulting Group,223 S West Street,Raleigh,NC,27603,313.878.6066
Saba Anis,5114 Alercia Ct.,Raleigh,NC,27606,
ZenBusiness,5511 Parkcrest Dr.,Austin,TX,78731,(512) 765-4985
Close HR Connections,"200 Cascade Pointe Lane, Suite 107",Cary,NC,27513,(919) 238-3107
SCORE - Raleigh Chapter 96,300 Fayetteville Street,Raleigh,NC,27601,(919) 856-4151
"All of You: Mind, Body & Spirit Counseling",1037 Dresser Ct,Raleigh,NC,27609,(919) 333-4465
"Before Tomorrow Consulting, Inc.",PO Box 14305,Raleigh,NC,27620,919-434-5689
Aquent|Vitamin T,3309 Ashby Pl,Raleigh,NC,27604,3364132712
Experis ManpowerGroup,"4309 Emperor Blvd, 325",Durham,NC,27703,(919) 838-7891
Saba Anis,5114 Alercia Ct.,Raleigh,NC,27606,(919) 916-7730
"P3 USA, Inc.",One North Main Street 4th floor,Greenville,SC,29601,864.608.0071
MarketCost LLC,,,,,(718) 210-0589
"Before Tomorrow Consulting, Inc.",PO Box 14305,Raleigh,NC,27620,919-434-5689
FOHRT Consulting,1400 E Davie St.,Raleigh,NC,27610,(408) 591-4013
"United Risk & Safety Consulting Group, LLC",415 Willow Brook Ct,Mebane,NC,27302,
Digital Group,3834 Generosity Ct.,Garner,NC,27529,919.612.9484
Citadel Contractors Inc.,3405 Apex Peakway Dr.,Apex,NC,27502  5756,(919) 362-5122
Brawley,5121 Kingdon Way,Raleigh,NC,27607,(919) 422-3829
Monteith Construction,208 Princess St,Wilmington,NC,28401,(919) 987-1759
Brawley,5121 Kingdon Way,Raleigh,NC,27607,(919) 422-3829
"Pike Electric, LLC",100 Pike Way,Mount Airy,NC,27030,(336) 789-2171
"Code Electric, Inc.",3112 Glen Royal Road,Raleigh,NC,27617,(919) 787-4655
Clancy & Theys Construction Company,421 N. Harrington Street,Raleigh,NC,27603,(919) 834-3601
"Barnhill Contracting Co., Inc.",800 Tiffany Blvd. Suite 200,Rocky Mount,NC,27804,(919) 781-7210
McDonald York Building Company,801 Oberlin Road,Raleigh,NC,27605,(919) 832-3770
"Shelco, LLC",3600 Glenwood Ave,Raleigh,NC,27612,(919) 877-2600
Choate Construction Co.,5440 Wade Park Blvd #220,Raleigh,NC,27607,(919) 508-1989
Danis Construction Company,5511 Capital Center Drive,Raleigh,NC,27606  8514,(919) 468-6240
Frank L. Blum Construction,4020 Westchase Blvd.,Raleigh,NC,27607,(919) 301-8646
Brasfield & Gorrie LLC,3800 Glenwood Ave,Raleigh,NC,27612,(919) 790-9272
"Skanska USA Building, Inc.",4309 Emperor Blvd,Durham,NC,27703,(919) 941-7900
Samet Corporation,5420 Wade Park Blvd.,Raleigh,NC,27607,(919) 703-0263
"C.T. Wilson Construction Company, Inc.",150 Golden Drive,Durham,NC,27705,(919) 383-2535
JM Thompson Company,1002 East Chatham Street,Cary,NC,27511,(919) 851-1611
"Metcon, Inc.",3100 Smoketree Ct.,Raleigh,NC,27604,(919) 322-2220
Muter Construction Company,111 E VANCE ST,Zebulon,NC,27597,(919) 404-8330
Hobart Service,3200 Lake Woodard Dr.,Raleigh,NC,27604,(919) 231-9589
"Greater Raleigh Refrigeration, Inc.",1404 Smith Reno Road,Raleigh,NC,27603,(919) 832-2200
Volume Service America dba Centerplate,500 S Salisbury St,Raleigh,NC,27601,(919) 831-6011
Greater Raleigh Convention and Visitors Bureau,421 Fayetteville Street,Raleigh,NC,27601  2995,(919) 834-5900
Hilton Raleigh North Hills,3415 Wake Forest Rd,Raleigh,NC,27609  7330,(919) 872-2323
Rise Against Hunger,4801 Glenwood Ave,Raleigh,NC,27612,(919) 839-0689
Paint 2 Smile,516 Southshore Pkwy,Durham,NC,27703,551.444.9034
